timestamp,duration,respCode
1589397256270,235,200
1589397256209,359,200
1589397256204,365,200
1589397256270,303,200
1589397256356,235,200
1589397256217,450,200
1589397256341,327,200
1589397256364,307,200
1589397256332,343,200
1589397256354,328,200
1589397257457,40,200
1589397257578,109,200
1589397257564,240,200
1589397257575,324,200
1589397257641,269,200
1589397257654,315,200
1589397257710,276,200
1589397257619,379,200
1589397257669,398,200
1589397257682,389,200
1589397258527,52,200
1589397258717,56,200
1589397258816,104,200
1589397258891,115,200
1589397258935,342,200
1589397258972,325,200
1589397259002,380,200
1589397259045,340,200
1589397259093,309,200
1589397259081,324,200
1589397259533,57,200
1589397259736,52,200
1589397259917,50,200
1589397259947,53,200
1589397260256,44,200
1589397260315,51,200
1589397260378,45,200
1589397260399,69,200
1589397260441,122,200
1589397260444,121,200
1589397260679,48,200
1589397260831,48,200
1589397260873,48,200
1589397260973,47,200
1589397261279,44,200
1589397261300,46,200
1589397261445,45,200
1589397261492,46,200
1589397261530,50,200
1589397261567,55,200
1589397261646,47,200
1589397261890,49,200
1589397261919,49,200
1589397262035,44,200
1589397262289,44,200
1589397262377,44,200
1589397262450,48,200
1589397262597,50,200
1589397262595,92,200
1589397262617,72,200
1589397262669,58,200
1589397262909,50,200
1589397262925,50,200
1589397263112,43,200
1589397263367,42,200
1589397263404,41,200
1589397263587,43,200
1589397263599,46,200
1589397263659,60,200
1589397263684,85,200
1589397263698,94,200
1589397263970,44,200
1589397264017,41,200
1589397264086,43,200
1589397264434,38,200
1589397264509,40,200
1589397264610,42,200
1589397264645,45,200
1589397264685,45,200
1589397264818,49,200
1589397264825,48,200
1589397265050,53,200
1589397265056,52,200
1589397265130,63,200
1589397265427,41,200
1589397265470,50,200
1589397265614,60,200
1589397265634,55,200
1589397265705,49,200
1589397265879,56,200
1589397265973,51,200
1589397266044,52,200
1589397266122,50,200
1589397266255,53,200
1589397266438,65,200
1589397266449,64,200
1589397266606,55,200
1589397266762,56,200
1589397266834,61,200
1589397266910,61,200
1589397267065,53,200
1589397267116,54,200
1589397267147,73,200
1589397267363,51,200
1589397267552,51,200
1589397267586,48,200
1589397267741,43,200
1589397267882,50,200
1589397267899,54,200
1589397267949,53,200
1589397268104,45,200
1589397268207,47,200
1589397268284,48,200
1589397268335,55,200
1589397268540,43,200
1589397268665,43,200
1589397268765,44,200
1589397268931,46,200
1589397268939,52,200
1589397269013,43,200
1589397269121,44,200
1589397269341,47,200
1589397269358,46,200
1589397269428,45,200
1589397269586,41,200
1589397269748,42,200
1589397269803,41,200
1589397270001,40,200
1589397270082,43,200
1589397270109,55,200
1589397270173,68,200
1589397270383,50,200
1589397270413,51,200
1589397270466,52,200
1589397270548,52,200
1589397270717,45,200
1589397270827,46,200
1589397270954,47,200
1589397271224,57,200
1589397271236,71,200
1589397271220,88,200
1589397271414,47,200
1589397271523,72,200
1589397271544,121,200
1589397271597,178,200
1589397271665,127,200
1589397271963,87,200
1589397272057,77,200
1589397272196,114,200
1589397272226,143,200
1589397272387,92,200
1589397272541,155,200
1589397272636,259,200
1589397272852,151,200
1589397272742,327,200
1589397272854,249,200
1589397273007,177,200
1589397273149,112,200
1589397273276,66,200
1589397273343,84,200
1589397273535,67,200
1589397273706,57,200
1589397273811,56,200
1589397273978,52,200
1589397274047,59,200
1589397274151,62,200
1589397274290,89,200
1589397274274,124,200
1589397274299,173,200
1589397274385,112,200
1589397274647,53,200
1589397274701,54,200
1589397274841,54,200
1589397275047,56,200
1589397275137,63,200
1589397275220,60,200
1589397275359,136,200
1589397275403,168,200
1589397275432,265,200
1589397275481,232,200
1589397275662,152,200
1589397275803,159,200
1589397275822,198,200
1589397276111,75,200
1589397276121,87,200
1589397276239,63,200
1589397276579,86,200
1589397276585,90,200
1589397276720,53,200
1589397276714,70,200
1589397276883,53,200
1589397276922,51,200
1589397277031,48,200
1589397277177,51,200
1589397277245,54,200
1589397277252,53,200
1589397277656,51,200
1589397277713,80,200
1589397277708,102,200
1589397277762,120,200
1589397277848,76,200
1589397278010,59,200
1589397278048,57,200
1589397278238,46,200
1589397278331,54,200
1589397278361,53,200
1589397278652,40,200
1589397278751,42,200
1589397278849,51,200
1589397278867,49,200
1589397278910,76,200
1589397279038,43,200
1589397279088,43,200
1589397279353,47,200
1589397279370,47,200
1589397279466,44,200
1589397279625,42,200
1589397279751,45,200
1589397279890,43,200
1589397280000,41,200
1589397280061,48,200
1589397280067,48,200
1589397280229,46,200
1589397280433,46,200
1589397280442,45,200
1589397280483,43,200
1589397280714,42,200
1589397280879,41,200
1589397281042,46,200
1589397281033,59,200
1589397281065,54,200
1589397281130,65,200
1589397281337,41,200
1589397281466,51,200
1589397281483,45,200
1589397281556,46,200
1589397281851,40,200
1589397281846,46,200
1589397282025,40,200
1589397282090,45,200
1589397282103,47,200
1589397282144,50,200
1589397282321,48,200
1589397282574,40,200
1589397282582,44,200
1589397282616,59,200
1589397282852,39,200
1589397282948,43,200
1589397283017,42,200
1589397283075,42,200
1589397283110,47,200
1589397283285,40,200
1589397283327,46,200
1589397283530,44,200
1589397283562,46,200
1589397283731,42,200
1589397283869,43,200
1589397283936,43,200
1589397284144,44,200
1589397284201,42,200
1589397284256,48,200
1589397284318,47,200
1589397284339,49,200
1589397284557,42,200
1589397284578,47,200
1589397284745,45,200
1589397284926,43,200
1589397284983,46,200
1589397285183,46,200
1589397285276,45,200
1589397285387,43,200
1589397285438,46,200
1589397285447,52,200
1589397285624,42,200
1589397285676,45,200
1589397285712,43,200
1589397286027,50,200
1589397286047,51,200
1589397286323,47,200
1589397286327,46,200
1589397286424,45,200
1589397286443,52,200
1589397286485,47,200
1589397286657,43,200
1589397286660,104,200
1589397286650,120,200
1589397287039,37,200
1589397287197,40,200
1589397287300,39,200
1589397287414,38,200
1589397287458,42,200
1589397287593,51,200
1589397287611,69,200
1589397287629,62,200
1589397287684,44,200
1589397287858,42,200
1589397288100,37,200
1589397288204,42,200
1589397288276,42,200
1589397288427,39,200
1589397288526,48,200
1589397288614,44,200
1589397288631,51,200
1589397288739,43,200
1589397288766,45,200
1589397288828,48,200
1589397289160,44,200
1589397289239,44,200
1589397289367,42,200
1589397289416,43,200
1589397289667,63,200
1589397289724,53,200
1589397289757,106,200
1589397289794,100,200
1589397289852,127,200
1589397289819,161,200
1589397290231,50,200
1589397290284,48,200
1589397290347,51,200
1589397290489,46,200
1589397290741,42,200
1589397290800,45,200
1589397290828,67,200
1589397290838,64,200
1589397290891,88,200
1589397291069,46,200
1589397291229,47,200
1589397291373,52,200
1589397291375,55,200
1589397291537,42,200
1589397291785,45,200
1589397291803,43,200
1589397291926,41,200
1589397291968,46,200
1589397292001,47,200
1589397292153,48,200
1589397292271,44,200
1589397292397,46,200
1589397292422,49,200
1589397292592,43,200
1589397292748,41,200
1589397292892,39,200
1589397292925,43,200
1589397293032,48,200
1589397293047,49,200
1589397293221,42,200
1589397293304,47,200
1589397293452,51,200
1589397293465,46,200
1589397293706,45,200
1589397293888,47,200
1589397293905,47,200
1589397293955,43,200
1589397294012,43,200
1589397294131,45,200
1589397294251,44,200
1589397294289,48,200
1589397294509,40,200
1589397294581,44,200
1589397294689,59,200
1589397295008,43,200
1589397295011,43,200
1589397295066,44,200
1589397295112,46,200
1589397295142,60,200
1589397295216,50,200
1589397295383,44,200
1589397295521,48,200
1589397295644,45,200
1589397295772,45,200
1589397296047,37,200
1589397296104,41,200
1589397296137,46,200
1589397296146,61,200
1589397296246,44,200
1589397296363,53,200
1589397296369,51,200
1589397296616,40,200
1589397296660,41,200
1589397296900,39,200
1589397297093,39,200
1589397297194,50,200
1589397297226,64,200
1589397297226,68,200
1589397297282,80,200
1589397297332,73,200
1589397297419,43,200
1589397297668,41,200
1589397297794,43,200
1589397297894,41,200
1589397298134,38,200
1589397298279,42,200
1589397298315,46,200
1589397298373,50,200
1589397298381,48,200
1589397298473,43,200
1589397298520,45,200
1589397298780,41,200
1589397298865,47,200
1589397298976,45,200
1589397299092,40,200
1589397299260,38,200
1589397299331,48,200
1589397299332,51,200
1589397299435,43,200
1589397299488,41,200
1589397299662,38,200
1589397299790,37,200
1589397299896,43,200
1589397300114,35,200
1589397300155,39,200
1589397300228,39,200
1589397300290,39,200
1589397300428,40,200
1589397300521,41,200
1589397300542,47,200
1589397300793,36,200
1589397300898,47,200
1589397300931,48,200
1589397301157,45,200
1589397301176,54,200
1589397301220,69,200
1589397301370,44,200
1589397301371,48,200
1589397301645,49,200
1589397301662,53,200
1589397301831,46,200
1589397301850,44,200
1589397302045,40,200
1589397302202,45,200
1589397302235,41,200
1589397302342,125,200
1589397302352,128,200
1589397302356,139,200
1589397302786,43,200
1589397302795,42,200
1589397302834,45,200
1589397302873,51,200
1589397303075,40,200
1589397303190,46,200
1589397303193,47,200
1589397303456,39,200
1589397303497,44,200
1589397303529,51,200
1589397303779,39,200
1589397303843,40,200
1589397303879,83,200
1589397303887,79,200
1589397304055,43,200
1589397304143,50,200
1589397304182,59,200
1589397304523,46,200
1589397304514,70,200
1589397304526,71,200
1589397304807,34,200
1589397304922,37,200
1589397304949,44,200
1589397304973,45,200
1589397305128,53,200
1589397305124,62,200
1589397305169,55,200
1589397305532,35,200
1589397305619,37,200
1589397305653,46,200
1589397305885,46,200
1589397305886,46,200
1589397305950,37,200
1589397306000,41,200
1589397306228,54,200
1589397306228,66,200
1589397306264,53,200
1589397306524,38,200
1589397306679,33,200
1589397306774,35,200
1589397306864,36,200
1589397307022,35,200
1589397307063,48,200
1589397307082,47,200
1589397307370,44,200
1589397307395,67,200
1589397307417,62,200
1589397307650,40,200
1589397307691,39,200
1589397307738,42,200
1589397307908,42,200
1589397307984,43,200
1589397308036,44,200
1589397308156,50,200
1589397308319,43,200
1589397308405,44,200
1589397308500,45,200
1589397308686,45,200
1589397308717,44,200
1589397308827,41,200
1589397308945,41,200
1589397309017,42,200
1589397309124,43,200
1589397309200,49,200
1589397309415,39,200
1589397309539,41,200
1589397309639,44,200
1589397309661,43,200
1589397309803,42,200
1589397309944,46,200
1589397309967,47,200
1589397310016,57,200
1589397310244,53,200
1589397310246,54,200
1589397310422,41,200
1589397310669,37,200
1589397310706,51,200
1589397310737,52,200
1589397310887,41,200
1589397310984,47,200
1589397311011,50,200
1589397311060,45,200
1589397311300,46,200
1589397311320,50,200
1589397311555,41,200
1589397311748,44,200
1589397311782,44,200
1589397311852,49,200
1589397311877,55,200
1589397312010,44,200
1589397312057,44,200
1589397312112,45,200
1589397312389,40,200
1589397312426,43,200
1589397312643,38,200
1589397312806,41,200
1589397312892,42,200
1589397312909,43,200
1589397312989,45,200
1589397313004,45,200
1589397313103,41,200
1589397313178,47,200
1589397313440,63,200
1589397313448,69,200
1589397313769,52,200
1589397313858,50,200
1589397313928,81,200
1589397313970,121,200
1589397313958,204,200
1589397313961,213,200
1589397314057,149,200
1589397314135,135,200
1589397314523,43,200
1589397314604,45,200
1589397314785,42,200
1589397314978,37,200
1589397315079,40,200
1589397315176,92,200
1589397315167,136,200
1589397315190,173,200
1589397315246,138,200
1589397315267,127,200
1589397315558,44,200
1589397315568,47,200
1589397315899,40,200
1589397315963,43,200
1589397316043,42,200
1589397316182,400,200
1589397316202,383,200
1589397316208,400,200
1589397316194,419,200
1589397316189,573,200
1589397316185,601,200
1589397316202,588,200
1589397316199,592,200
1589397316182,612,200
1589397316212,602,200
1589397316322,739,200
1589397316215,847,200
1589397316220,860,200
1589397316327,782,200
1589397316230,1059,200
1589397316222,1159,200
1589397316345,1051,200
1589397316224,1174,200
1589397316350,1119,200
1589397316236,1265,200
1589397316239,1268,200
1589397316357,1153,200
1589397316240,1321,200
1589397316248,1525,200
1589397316364,1430,200
1589397316253,1712,200
1589397317090,891,200
1589397316257,1729,200
1589397316618,1386,200
1589397316593,1416,200
1589397316946,1142,200
1589397317003,1161,200
1589397317540,640,200
1589397316241,2025,200
1589397316251,2144,200
1589397316258,2202,200
1589397316258,2222,200
1589397316245,2251,200
1589397316259,2419,200
1589397317823,876,200
1589397316267,2436,200
1589397316269,2497,200
1589397316267,2528,200
1589397316264,2542,200
1589397316268,2639,200
1589397316268,2708,200
1589397316271,2705,200
1589397316279,2790,200
1589397316279,3004,200
1589397316280,3008,200
1589397316281,3008,200
1589397316282,3080,200
1589397316284,3091,200
1589397318720,687,200
1589397316294,3267,200
1589397316290,3272,200
1589397316294,3283,200
1589397318934,731,200
1589397319041,767,200
1589397316305,3566,200
1589397316305,3571,200
1589397316310,3573,200
1589397316313,3648,200
1589397316312,3673,200
1589397319393,682,200
1589397316315,3865,200
1589397319304,908,200
1589397316318,3964,200
1589397316320,3984,200
1589397316337,4024,200
1589397316348,4048,200
1589397319833,667,200
1589397316325,4263,200
1589397316330,4282,200
1589397316357,4336,200
1589397316373,4425,200
1589397316357,4504,200
1589397317583,3311,200
1589397320046,864,200
1589397316362,4551,200
1589397317627,3338,200
1589397317694,3391,200
1589397317715,3462,200
1589397320429,752,200
1589397317729,3577,200
1589397317773,3608,200
1589397317762,3698,200
1589397317881,3586,200
1589397318003,3465,200
1589397317992,3500,200
1589397318112,3455,200
1589397318148,3527,200
1589397318213,3551,200
1589397318350,3424,200
1589397318358,3510,200
1589397318409,3478,200
1589397318433,3549,200
1589397318422,3576,200
1589397318454,3606,200
1589397321270,794,200
1589397318498,3681,200
1589397318583,3753,200
1589397318744,3622,200
1589397319013,3499,200
1589397318911,3685,200
1589397318916,3727,200
1589397319110,3592,200
1589397319173,3560,200
1589397319679,3087,200
1589397319427,3389,200
1589397319047,3943,200
1589397319168,3860,200
1589397319481,3598,200
1589397319593,3523,200
1589397319924,3339,200
1589397319765,3516,200
1589397319762,3521,200
1589397319780,3539,200
1589397319786,3596,200
1589397322566,985,200
1589397320093,3483,200
1589397323061,757,200
1589397320274,3552,200
1589397322820,1026,200
1589397320307,3561,200
1589397320495,3401,200
1589397320369,3581,200
1589397322898,1162,200
1589397320417,3648,200
1589397320492,3627,200
1589397320404,3738,200
1589397320530,3920,200
1589397323393,1098,200
1589397320844,3673,200
1589397320807,3710,200
1589397320635,3891,200
1589397320845,3774,200
1589397323744,935,200
1589397323788,939,200
1589397323857,879,200
1589397320942,3928,200
1589397324068,967,200
1589397324025,1079,200
1589397324276,910,200
1589397324106,1081,200
1589397324266,954,200
1589397321061,4173,200
1589397320956,4394,200
1589397324516,897,200
1589397324336,1104,200
1589397324372,1146,200
1589397321011,4586,200
1589397324876,983,200
1589397321298,4587,200
1589397321226,4676,200
1589397321230,4688,200
1589397321291,4649,200
1589397321525,4468,200
1589397321361,4632,200
1589397321512,4578,200
1589397321678,4462,200
1589397321788,4423,200
1589397321817,4666,200
1589397325544,979,200
1589397321820,4748,200
1589397325561,1010,200
1589397325602,1023,200
1589397321855,4800,200
1589397321882,4796,200
1589397321915,4840,200
1589397325865,933,200
1589397322045,4830,200
1589397322048,5034,200
1589397326142,996,200
1589397326221,1010,200
1589397322095,5167,200
1589397326175,1125,200
1589397322313,5013,200
1589397322104,5247,200
1589397326470,957,200
1589397322370,5082,200
1589397326529,1059,200
1589397322404,5332,200
1589397322466,5392,200
1589397326931,976,200
1589397322619,5352,200
1589397322501,5495,200
1589397327007,1014,200
1589397322939,5132,200
1589397322648,5425,200
1589397322860,5225,200
1589397327151,1076,200
1589397322957,5379,200
1589397322993,5537,200
1589397322968,5586,200
1589397323250,5367,200
1589397327649,970,200
1589397323258,5418,200
1589397327827,906,200
1589397327731,1004,200
1589397327701,1039,200
1589397323544,5321,200
1589397328005,934,200
1589397328159,1018,200
1589397323555,5704,200
1589397323739,5522,200
1589397323662,5641,200
1589397328287,1018,200
1589397323989,5406,200
1589397328421,987,200
1589397328366,1064,200
1589397328777,792,200
1589397328567,1021,200
1589397324330,5450,200
1589397324756,5178,200
1589397324552,5386,200
1589397329036,964,200
1589397329035,970,200
1589397329038,995,200
1589397324806,5304,200
1589397324811,5347,200
1589397324956,5305,200
1589397329411,872,200
1589397329547,804,200
1589397329556,1080,200
1589397324970,5667,200
1589397325099,5564,200
1589397325116,5618,200
1589397329652,1087,200
1589397325215,5608,200
1589397325226,5663,200
1589397329818,1149,200
1589397330014,978,200
1589397330239,833,200
1589397325411,5946,200
1589397325444,5913,200
1589397325649,5793,200
1589397325495,5965,200
1589397330352,1136,200
1589397330481,1111,200
1589397325630,5962,200
1589397325754,5892,200
1589397326037,5673,200
1589397330687,1051,200
1589397330995,1024,200
1589397326132,5921,200
1589397331087,1029,200
1589397326245,5890,200
1589397326307,5831,200
1589397326419,5814,200
1589397331134,1121,200
1589397326390,5909,200
1589397331257,1105,200
1589397326783,5676,200
1589397326857,5852,200
1589397326931,5845,200
1589397331715,1070,200
1589397326992,5846,200
1589397331797,1042,200
1589397327076,5795,200
1589397331960,955,200
1589397327088,5922,200
1589397332029,1098,200
1589397332170,1060,200
1589397332432,1006,200
1589397332452,988,200
1589397332441,1033,200
1589397327134,6379,200
1589397327435,6105,200
1589397332613,1022,200
1589397327490,6185,200
1589397327543,6306,200
1589397327671,6214,200
1589397327565,6415,200
1589397333093,1137,200
1589397333108,1205,200
1589397328302,6013,200
1589397328280,6059,200
1589397328279,6098,200
1589397327884,6544,200
1589397328393,6224,200
1589397328995,5661,200
1589397328907,5821,200
1589397328895,5871,200
1589397329053,5915,200
1589397329231,5829,200
1589397329552,5538,200
1589397329078,6056,200
1589397329607,5550,200
1589397333802,1373,200
1589397333901,1478,200
1589397333944,1454,200
1589397329768,5695,200
1589397329804,5718,200
1589397334460,1194,200
1589397329818,5980,200
1589397330263,5559,200
1589397334533,1293,200
1589397334526,1346,200
1589397334664,1231,200
1589397330330,5719,200
1589397330321,5737,200
1589397330435,5724,200
1589397334989,1258,200
1589397330454,5965,200
1589397330514,5985,200
1589397335354,1273,200
1589397335389,1289,200
1589397335433,1247,200
1589397335486,1223,200
1589397335656,1135,200
1589397330985,5885,200
1589397330673,6205,200
1589397331083,5944,200
1589397331026,6010,200
1589397336024,1036,200
1589397336047,1318,200
1589397331295,6071,200
1589397331241,6153,200
1589397331168,6261,200
1589397336365,1130,200
1589397336499,1066,200
1589397331575,6026,200
1589397331613,6059,200
1589397331740,6018,200
1589397331739,6038,200
1589397336894,1088,200
1589397331816,6200,200
1589397332391,5699,200
1589397332524,5571,200
1589397332376,5754,200
1589397332653,5557,200
1589397337090,1189,200
1589397332732,5608,200
1589397332759,5700,200
1589397333091,5371,200
1589397333172,5491,200
1589397333182,5559,200
1589397337730,1047,200
1589397337706,1136,200
1589397333205,5640,200
1589397333309,5607,200
1589397333327,5634,200
1589397333272,5710,200
1589397333731,5331,200
1589397333438,5646,200
1589397333800,5564,200
1589397333771,5602,200
1589397338416,1018,200
1589397333861,5649,200
1589397338426,1105,200
1589397333867,5694,200
1589397334253,5376,200
1589397334080,5579,200
1589397334517,5218,200
1589397334471,5282,200
1589397334721,5311,200
1589397339006,1095,200
1589397339039,1138,200
1589397334965,5218,200
1589397334917,5310,200
1589397335207,5071,200
1589397339231,1047,200
1589397339220,1084,200
1589397335332,5061,200
1589397339499,961,200
1589397335632,5099,200
1589397335712,5064,200
1589397335757,5065,200
1589397335984,4854,200
1589397339950,973,200
1589397339877,1048,200
1589397339826,1114,200
1589397336087,4878,200
1589397336121,4965,200
1589397340175,985,200
1589397340329,1073,200
1589397336415,5065,200
1589397336230,5252,200
1589397340443,1063,200
1589397336831,4754,200
1589397336579,5042,200
1589397336583,5042,200
1589397336810,4897,200
1589397336912,4854,200
1589397336915,4892,200
1589397340954,1153,200
1589397341186,937,200
1589397336961,5242,200
1589397337092,5162,200
1589397337240,5041,200
1589397337327,5039,200
1589397341248,1156,200
1589397337518,4952,200
1589397341258,1217,200
1589397337603,4883,200
1589397337808,5008,200
1589397337788,5029,200
1589397337609,5218,200
1589397337835,5079,200
1589397341900,1094,200
1589397337979,5044,200
1589397341958,1143,200
1589397338022,5124,200
1589397337999,5177,200
1589397338341,4836,200
1589397338367,5216,200
1589397338557,5051,200
1589397338489,5142,200
1589397342478,1403,200
1589397342641,1243,200
1589397338599,5300,200
1589397338769,5135,200
1589397338961,5030,200
1589397338734,5353,200
1589397338848,5319,200
1589397343204,1158,200
1589397343058,1323,200
1589397343255,1192,200
1589397339142,5392,200
1589397339317,5235,200
1589397339054,5562,200
1589397343437,1205,200
1589397339449,5233,200
1589397339621,5145,200
1589397339727,5143,200
1589397343809,1173,200
1589397339808,5232,200
1589397339743,5306,200
1589397339968,5291,200
1589397343924,1342,200
1589397344118,1163,200
1589397344066,1282,200
1589397340064,5334,200
1589397340463,5008,200
1589397340491,5100,200
1589397340539,5144,200
1589397344688,995,200
1589397344566,1189,200
1589397344836,1110,200
1589397344909,1055,200
1589397344860,1134,200
1589397344978,1019,200
1589397340510,5576,200
1589397340627,5543,200
1589397345213,1077,200
1589397345384,943,200
1589397345335,996,200
1589397345481,929,200
1589397340655,5960,200
1589397345499,1140,200
1589397340673,6055,200
1589397345543,1198,200
1589397345690,1053,200
1589397340728,6113,200
1589397341145,5828,200
1589397345930,1050,200
1589397345847,1178,200
1589397341228,5852,200
1589397341219,5945,200
1589397341636,5561,200
1589397341814,5488,200
1589397341861,5607,200
1589397346360,1203,200
1589397346181,1390,200
1589397346335,1274,200
1589397346438,1227,200
1589397341935,5745,200
1589397341246,6440,200
1589397341423,6288,200
1589397341445,6344,200
1589397341676,6185,200
1589397347024,867,200
1589397341998,5993,200
1589397342332,5776,200
1589397342006,6189,200
1589397342382,5825,200
1589397342231,6049,200
1589397347484,799,200
1589397342458,5853,200
1589397347398,972,200
1589397347711,762,200
1589397342679,5797,200
1589397342539,6045,200
1589397342744,5844,200
1589397342780,5905,200
1589397343391,5373,200
1589397342841,6026,200
1589397343533,5371,200
1589397343267,5710,200
1589397343442,5556,200
1589397343276,5793,200
1589397343904,5166,200
1589397343473,5709,200
1589397343878,5324,200
1589397343970,5295,200
1589397344040,5246,200
1589397344138,5336,200
1589397344138,5343,200
1589397344563,4998,200
1589397344997,4583,200
1589397348900,704,200
1589397345061,4602,200
1589397345488,4286,200
1589397345692,4170,200
1589397345994,3869,200
1589397345741,4151,200
1589397349298,712,200
1589397349309,773,200
1589397346079,4085,200
1589397346503,3676,200
1589397346253,3955,200
1589397346575,3720,200
1589397346712,3682,200
1589397346748,3731,200
1589397349713,780,200
1589397346855,3655,200
1589397346932,3773,200
1589397347092,3613,200
1589397349961,803,200
1589397347094,3692,200
1589397349989,818,200
1589397347110,3770,200
1589397350149,834,200
1589397347232,3787,200
1589397347409,3679,200
1589397347193,3909,200
1589397347737,3527,200
1589397347710,3600,200
1589397347777,3585,200
1589397347754,3608,200
1589397347748,3646,200
1589397350817,756,200
1589397347906,3686,200
1589397347947,3722,200
1589397348069,3711,200
1589397348050,3743,200
1589397348070,3739,200
1589397348212,3697,200
1589397351174,786,200
1589397348126,3878,200
1589397348531,3476,200
1589397348537,3666,200
1589397348593,3678,200
1589397348615,3686,200
1589397348633,3732,200
1589397348755,3626,200
1589397351713,753,200
1589397348666,3811,200
1589397348787,3815,200
1589397348807,3877,200
1589397348849,3854,200
1589397349013,3786,200
1589397351920,972,200
1589397352054,907,200
1589397349128,3847,200
1589397349144,3850,200
1589397349320,3692,200
1589397349154,3858,200
1589397352304,869,200
1589397352336,931,200
1589397349323,3962,200
1589397349500,3866,200
1589397349523,3949,200
1589397349531,4043,200
1589397349672,3902,200
1589397352825,769,200
1589397349811,3794,200
1589397349741,3932,200
1589397349960,3801,200
1589397350013,3877,200
1589397349960,3949,200
1589397353196,783,200
1589397350237,3851,200
1589397353392,793,200
1589397350266,3936,200
1589397350460,3751,200
1589397353484,727,200
1589397350256,4013,200
1589397350456,3912,200
1589397350497,3994,200
1589397350595,3979,200
1589397353845,734,200
1589397350627,3980,200
1589397350697,4084,200
1589397353955,830,200
1589397350851,3940,200
1589397350927,3873,200
1589397350708,4092,200
1589397350996,3890,200
1589397354289,718,200
1589397351098,3975,200
1589397351176,3919,200
1589397351183,3923,200
1589397351466,3826,200
1589397351386,3916,200
1589397351429,3881,200
1589397354551,759,200
1589397351407,3960,200
1589397351554,3921,200
1589397351789,3801,200
1589397351694,3897,200
1589397351687,3974,200
1589397351840,3933,200
1589397355224,566,200
1589397351910,3884,200
1589397355197,775,200
1589397352173,3812,200
1589397352029,3979,200
1589397352232,3847,200
1589397352278,3801,200
1589397355481,615,200
1589397352354,3926,200
1589397355744,617,200
1589397355574,793,200
1589397352475,3899,200
1589397352605,3906,200
1589397352692,3873,200
1589397355876,720,200
1589397352867,3812,200
1589397352754,3925,200
1589397356090,601,200
1589397352855,3939,200
1589397352909,4052,200
1589397356286,675,200
1589397356155,809,200
1589397353042,4127,200
1589397353060,4115,200
1589397353434,3755,200
1589397353329,3875,200
1589397353329,3934,200
1589397353485,3784,200
1589397353648,3728,200
1589397353686,3794,200
1589397356786,696,200
1589397353660,3840,200
1589397353947,3746,200
1589397356980,785,200
1589397354076,3703,200
1589397353984,3795,200
1589397357181,614,200
1589397353973,3827,200
1589397354106,3779,200
1589397354038,3940,200
1589397354291,3704,200
1589397357388,691,200
1589397357534,732,200
1589397354356,3920,200
1589397354622,3691,200
1589397354477,3884,200
1589397354660,3710,200
1589397354658,3714,200
1589397354766,3711,200
1589397354803,3764,200
1589397354819,3844,200
1589397354926,3754,200
1589397358214,570,200
1589397354994,3794,200
1589397355234,3670,200
1589397355114,3947,200
1589397358201,865,200
1589397355212,3867,200
1589397355221,3860,200
1589397355533,3640,200
1589397355689,3493,200
1589397355433,3830,200
1589397358519,862,200
1589397355439,3945,200
1589397355753,3633,200
1589397358798,791,200
1589397355881,3801,200
1589397356118,3567,200
1589397356085,3605,200
1589397355902,3799,200
1589397358843,926,200
1589397356275,3613,200
1589397356298,3609,200
1589397359210,788,200
1589397356371,3706,200
1589397356379,3810,200
1589397356670,3628,200
1589397356513,3850,200
1589397356606,3761,200
1589397356872,3529,200
1589397356591,3871,200
1589397357031,3553,200
1589397356762,3837,200
1589397357049,3617,200
1589397357051,3647,200
1589397357105,3702,200
1589397357192,3788,200
1589397359996,1007,200
1589397357261,3742,200
1589397357322,3751,200
1589397357584,3493,200
1589397357656,3613,200
1589397357649,3620,200
1589397357684,3617,200
1589397357779,3588,200
1589397357836,3658,200
1589397358031,3567,200
1589397357877,3728,200
1589397357937,3673,200
1589397358077,3612,200
1589397360767,924,200
1589397358284,3521,200
1589397358131,3741,200
1589397358305,3587,200
1589397358307,3661,200
1589397358442,3620,200
1589397358620,3547,200
1589397358531,3659,200
1589397358735,3457,200
1589397361514,768,200
1589397358771,3535,200
1589397358794,3583,200
1589397358895,3514,200
1589397361693,797,200
1589397358949,3623,200
1589397361816,784,200
1589397358995,3715,200
1589397362011,750,200
1589397362051,733,200
1589397359026,3779,200
1589397362239,648,200
1589397359245,3645,200
1589397359301,3685,200
1589397359361,3728,200
1589397359373,3734,200
1589397359364,3748,200
1589397359488,3792,200
1589397362584,701,200
1589397362746,639,200
1589397359552,3836,200
1589397359596,3870,200
1589397362778,722,200
1589397359657,3919,200
1589397359697,3972,200
1589397359810,3888,200
1589397363020,685,200
1589397359939,3867,200
1589397359989,3879,200
1589397363256,716,200
1589397360019,3953,200
1589397360042,4018,200
1589397360202,3903,200
1589397360089,4081,200
1589397360208,4061,200
1589397363687,595,200
1589397360334,3954,200
1589397360388,4020,200
1589397360395,4069,200
1589397363818,751,200
1589397360623,3958,200
1589397360647,3964,200
1589397360732,3943,200
1589397364048,656,200
1589397360717,4079,200
1589397360763,4038,200
1589397364158,643,200
1589397360857,4116,200
1589397360931,4057,200
1589397361179,3914,200
1589397360951,4209,200
1589397361019,4166,200
1589397361326,3879,200
1589397364421,854,200
1589397364770,598,200
1589397361390,4106,200
1589397364663,998,200
1589397361333,4332,200
1589397361538,4153,200
1589397361462,4313,200
1589397361985,3822,200
1589397362177,3799,200
1589397361617,4359,200
1589397361781,4209,200
1589397362168,3936,200
1589397362317,3888,200
1589397362363,3931,200
1589397362451,3844,200
1589397365552,753,200
1589397362453,3928,200
1589397362567,3905,200
1589397362585,3986,200
1589397362772,3816,200
1589397365640,957,200
1589397362980,3725,200
1589397362880,3895,200
1589397363281,3527,200
1589397362905,3969,200
1589397366137,761,200
1589397363143,3854,200
1589397363098,3907,200
1589397363473,3613,200
1589397363198,3890,200
1589397363712,3473,200
1589397363805,3500,200
1589397363319,4075,200
1589397364153,3258,200
1589397363391,4081,200
1589397364218,3342,200
1589397363490,4086,200
1589397363741,3937,200
1589397364300,3386,200
1589397364353,3438,200
1589397363839,3953,200
1589397363880,3988,200
1589397364438,3448,200
1589397364189,3711,200
1589397364832,3164,200
1589397364893,3216,200
1589397364967,3229,200
1589397367131,1132,200
1589397364425,3842,200
1589397364616,3773,200
1589397365092,3299,200
1589397364643,3758,200
1589397367627,868,200
1589397367674,901,200
1589397365059,3529,200
1589397365173,3422,200
1589397365191,3518,200
1589397368035,773,200
1589397368050,827,200
1589397365258,3715,200
1589397365288,3687,200
1589397365274,3715,200
1589397365582,3494,200
1589397365386,3692,200
1589397368559,544,200
1589397368516,587,200
1589397365625,3663,200
1589397365663,3730,200
1589397365680,3781,200
1589397365786,3782,200
1589397368770,805,200
1589397365815,3768,200
1589397365915,3753,200
1589397365945,3745,200
1589397365857,3850,200
1589397366072,3707,200
1589397366116,3761,200
1589397366201,3810,200
1589397366203,3893,200
1589397366584,3577,200
1589397369374,788,200
1589397366410,3758,200
1589397366698,3579,200
1589397366655,3637,200
1589397366714,3581,200
1589397369631,680,200
1589397366722,3681,200
1589397366737,3853,200
1589397366912,3779,200
1589397366961,3747,200
1589397367031,3747,200
1589397367033,3758,200
1589397367315,3497,200
1589397367386,3487,200
1589397367309,3564,200
1589397367382,3494,200
1589397367512,3478,200
1589397367527,3649,200
1589397370471,796,200
1589397367851,3452,200
1589397367603,3705,200
1589397367733,3639,200
1589397367856,3553,200
1589397367959,3450,200
1589397367940,3529,200
1589397370783,691,200
1589397368111,3462,200
1589397370961,730,200
1589397368137,3651,200
1589397368321,3553,200
1589397368301,3591,200
1589397368324,3574,200
1589397368697,3279,200
1589397368735,3256,200
1589397368661,3336,200
1589397368771,3232,200
1589397368780,3386,200
1589397368869,3408,200
1589397371612,757,200
1589397368977,3483,200
1589397369054,3416,200
1589397371793,683,200
1589397369046,3520,200
1589397369275,3299,200
1589397371841,736,200
1589397369166,3429,200
1589397371932,839,200
1589397369285,3593,200
1589397369365,3611,200
1589397369397,3602,200
1589397372362,700,200
1589397369420,3666,200
1589397372404,685,200
1589397372414,695,200
1589397369595,3566,200
1589397372461,754,200
1589397369618,3759,200
1589397369654,3849,200
1589397372746,835,200
1589397369818,3791,200
1589397370068,3632,200
1589397369708,3992,200
1589397372959,814,200
1589397370070,3714,200
1589397370071,3731,200
1589397370139,3759,200
1589397370148,3827,200
1589397370156,3931,200
1589397370161,4043,200
1589397370328,3951,200
1589397373490,809,200
1589397370458,3841,200
1589397370503,3810,200
1589397373568,806,200
1589397370507,3875,200
1589397370546,3940,200
1589397370640,3926,200
1589397370724,3883,200
1589397370801,3987,200
1589397370852,3953,200
1589397371123,3691,200
1589397371137,3679,200
1589397371139,3731,200
1589397374243,642,200
1589397371196,3692,200
1589397371266,3729,200
1589397371268,3820,200
1589397371316,3856,200
1589397371386,3981,200
1589397371347,4022,200
1589397371500,3878,200
1589397371741,3650,200
1589397371786,3684,200
1589397371809,3662,200
1589397371913,3563,200
1589397371915,3686,200
1589397372115,3582,200
1589397375115,646,200
1589397372326,3567,200
1589397372299,3600,200
1589397375283,697,200
1589397372399,3591,200
1589397375303,701,200
1589397372379,3634,200
1589397372528,3536,200
1589397372702,3501,200
1589397372826,3465,200
1589397372825,3470,200
1589397375724,753,200
1589397372906,3597,200
1589397372882,3624,200
1589397375901,664,200
1589397373003,3629,200
1589397375892,746,200
1589397373059,3672,200
1589397373152,3773,200
1589397373397,3604,200
1589397373208,3831,200
1589397373612,3663,200
1589397373455,3821,200
1589397373639,3663,200
1589397373489,3834,200
1589397376456,950,200
1589397373640,3807,200
1589397376529,939,200
1589397373783,3854,200
1589397376840,915,200
1589397376944,872,200
1589397376520,1311,200
1589397376760,1072,200
1589397376543,1304,200
1589397373789,4073,200
1589397376920,962,200
1589397377215,690,200
1589397376980,936,200
1589397374069,3881,200
1589397373910,4094,200
1589397376996,1054,200
1589397374104,3997,200
1589397374154,3970,200
1589397374078,4069,200
1589397374156,4086,200
1589397377376,899,200
1589397377483,837,200
1589397377580,754,200
1589397377677,758,200
1589397377847,621,200
1589397374472,4011,200
1589397374262,4222,200
1589397374546,4048,200
1589397378044,564,200
1589397378244,441,200
1589397374741,4019,200
1589397374557,4211,200
1589397378347,431,200
1589397374778,4010,200
1589397378446,350,200
1589397374583,4234,200
1589397374785,4089,200
1589397374799,4088,200
1589397374758,4132,200
1589397378709,342,200
1589397374978,4208,200
1589397374866,4323,200
1589397378743,543,200
1589397375154,4163,200
1589397375280,4172,200
1589397375372,4114,200
1589397375396,4157,200
1589397375316,4253,200
1589397375336,4261,200
1589397378847,821,200
1589397375662,4009,200
1589397378819,858,200
1589397375640,4068,200
1589397378888,830,200
1589397378922,888,200
1589397379029,893,200
1589397375739,4198,200
1589397375785,4170,200
1589397379088,871,200
1589397375857,4195,200
1589397379205,883,200
1589397375907,4266,200
1589397379327,870,200
1589397375943,4315,200
1589397376073,4220,200
1589397376093,4223,200
1589397379573,751,200
1589397379447,877,200
1589397376298,4143,200
1589397379495,967,200
1589397376387,4106,200
1589397379664,971,200
1589397376511,4155,200
1589397379601,1094,200
1589397376452,4284,200
1589397379767,1007,200
1589397376669,4150,200
1589397379824,1029,200
1589397379850,1063,200
1589397376935,3995,200
1589397379879,1084,200
1589397376959,4059,200
1589397377322,3728,200
1589397377429,3643,200
1589397377530,3569,200
1589397380050,1077,200
1589397377604,3640,200
1589397380289,1028,200
1589397377713,3612,200
1589397380166,1172,200
1589397378011,3429,200
1589397378212,3299,200
1589397380543,975,200
1589397378320,3269,200
1589397378409,3292,200
1589397380565,1146,200
1589397380629,1107,200
1589397378474,3280,200
1589397378772,3000,200
1589397380738,1067,200
1589397378720,3091,200
1589397380648,1193,200
1589397380889,965,200
1589397378831,3043,200
1589397378875,3078,200
1589397380932,1027,200
1589397378917,3176,200
1589397380994,1144,200
1589397378933,3321,200
1589397379072,3207,200
1589397379145,3167,200
1589397381243,1078,200
1589397381155,1214,200
1589397379271,3206,200
1589397379372,3111,200
1589397381334,1233,200
1589397379661,2920,200
1589397379464,3145,200
1589397379706,2950,200
1589397381528,1217,200
1589397379771,2983,200
1589397381402,1372,200
1589397381609,1205,200
1589397381860,992,200
1589397381687,1181,200
1589397379842,3074,200
1589397381962,1058,200
1589397379853,3201,200
1589397379936,3142,200
1589397380103,2995,200
1589397382193,981,200
1589397380245,3005,200
1589397380488,2800,200
1589397381784,1548,200
1589397381993,1424,200
1589397380642,2786,200
1589397380592,2847,200
1589397380561,2883,200
1589397382048,1541,200
1589397380656,2946,200
1589397382408,1282,200
1589397382306,1408,200
1589397380838,2908,200
1589397382669,1166,200
1589397382501,1372,200
1589397382606,1274,200
1589397380896,2997,200
1589397381142,2759,200
1589397380953,3015,200
1589397381241,2793,200
1589397381314,2771,200
1589397382691,1398,200
1589397382782,1317,200
1589397381361,2873,200
1589397381404,2851,200
1589397381561,2737,200
1589397383415,942,200
1589397382830,1534,200
1589397381663,2748,200
1589397381756,2749,200
1589397382924,1678,200
1589397381958,2689,200
1589397381826,2838,200
1589397382970,1740,200
1589397383080,1633,200
1589397381979,2797,200
1589397383872,957,200
1589397383312,1521,200
1589397382005,2831,200
1589397382157,2707,200
1589397383379,1552,200
1589397382243,2740,200
1589397382315,2698,200
1589397383659,1387,200
1589397382420,2650,200
1589397383572,1545,200
1589397382530,2647,200
1589397383759,1545,200
1589397382652,2672,200
1589397383744,1656,200
1589397382676,2746,200
1589397382747,2737,200
1589397382789,2720,200
1589397382850,2732,200
1589397383798,1835,200
1589397382938,2753,200
1589397384027,1678,200
1589397384120,1594,200
1589397383047,2703,200
1589397384338,1429,200
1589397383309,2480,200
1589397384249,1566,200
1589397383335,2498,200
1589397384444,1467,200
1589397383391,2603,200
1589397384449,1546,200
1589397383484,2609,200
1589397384580,1529,200
1589397383617,2576,200
1589397383725,2534,200
1589397384676,1613,200
1589397383748,2585,200
1589397384802,1545,200
1589397383787,2612,200
1589397383845,2687,200
1589397384039,2505,200
1589397384922,1661,200
1589397384191,2401,200
1589397384016,2592,200
1589397384957,1681,200
1589397385772,946,200
1589397385719,1017,200
1589397384987,1766,200
1589397384311,2460,200
1589397385113,1711,200
1589397384350,2519,200
1589397384444,2493,200
1589397385230,1738,200
1589397384501,2475,200
1589397384674,2423,200
1589397384720,2378,200
1589397385295,1825,200
1589397384957,2307,200
1589397385443,1844,200
1589397384884,2404,200
1589397384980,2331,200
1589397385051,2290,200
1589397385344,2058,200
1589397385177,2381,200
1589397385834,1759,200
1589397385288,2336,200
1589397385918,1766,200
1589397385431,2280,200
1589397386740,972,200
1589397385664,2051,200
1589397385304,2416,200
1589397385971,1771,200
1589397386049,1742,200
1589397385712,2203,200
1589397385663,2274,200
1589397385815,2469,200
1589397385755,2535,200
1589397386117,2228,200
1589397385873,2477,200
1589397386228,2126,200
1589397385941,2443,200
1589397385997,2542,200
1589397386489,2073,200
1589397386467,2117,200
1589397387725,899,200
1589397386122,2550,200
1589397386089,2669,200
1589397386400,2465,200
1589397386482,2395,200
1589397387011,1915,200
1589397386515,2434,200
1589397386885,2067,200
1589397386907,2066,200
1589397386629,2356,200
1589397386772,2297,200
1589397386503,2570,200
1589397386575,2538,200
1589397386715,2426,200
1589397386743,2418,200
1589397386785,2547,200
1589397387129,2235,200
1589397386904,2489,200
1589397387247,2153,200
1589397386910,2490,200
1589397387250,2259,200
1589397388757,754,200
1589397387013,2581,200
1589397387212,2402,200
1589397387334,2295,200
1589397387332,2450,200
1589397387516,2337,200
1589397387249,2626,200
1589397387706,2172,200
1589397387465,2439,200
1589397387478,2468,200
1589397387760,2192,200
1589397387579,2386,200
1589397387675,2342,200
1589397387829,2207,200
1589397387611,2447,200
1589397387706,2377,200
1589397387772,2380,200
1589397387900,2380,200
1589397387935,2370,200
1589397388068,2289,200
1589397387995,2394,200
1589397388182,2222,200
1589397388206,2229,200
1589397388210,2339,200
1589397388277,2314,200
1589397388335,2299,200
1589397388571,2065,200
1589397388311,2332,200
1589397388686,2119,200
1589397388640,2176,200
1589397388816,2033,200
1589397388651,2224,200
1589397388499,2380,200
1589397388579,2314,200
1589397388713,2197,200
1589397388328,2612,200
1589397388955,2023,200
1589397389969,1057,200
1589397389282,1849,200
1589397389344,1837,200
1589397388758,2533,200
1589397389444,1865,200
1589397389496,1856,200
1589397389671,1710,200
1589397389590,1792,200
1589397388878,2528,200
1589397390360,1076,200
1589397388963,2570,200
1589397389777,1774,200
1589397389925,1710,200
1589397389966,1692,200
1589397389994,1728,200
1589397389554,2267,200
1589397389285,2550,200
1589397389451,2385,200
1589397389443,2422,200
1589397390206,1709,200
1589397390984,942,200
1589397389617,2314,200
1589397390149,1800,200
1589397390328,1747,200
1589397390423,1681,200
1589397390465,1682,200
1589397390502,1682,200
1589397390563,1710,200
1589397389704,2597,200
1589397390837,1557,200
1589397389911,2510,200
1589397390855,1575,200
1589397389942,2490,200
1589397390062,2388,200
1589397390968,1502,200
1589397390985,1681,200
1589397391009,1693,200
1589397390232,2470,200
1589397390434,2316,200
1589397391040,1757,200
1589397390537,2326,200
1589397390152,2712,200
1589397390468,2416,200
1589397391215,1679,200
1589397391344,1588,200
1589397390631,2309,200
1589397391383,1634,200
1589397391516,1501,200
1589397391648,1494,200
1589397391592,1577,200
1589397391736,1546,200
1589397390851,2468,200
1589397392432,923,200
1589397390870,2518,200
1589397391852,1568,200
1589397391812,1616,200
1589397390996,2474,200
1589397391974,1556,200
1589397391011,2596,200
1589397392016,1622,200
1589397391047,2636,200
1589397392139,1567,200
1589397392277,1452,200
1589397392382,1380,200
1589397392867,914,200
1589397391221,2581,200
1589397392424,1445,200
1589397391360,2514,200
1589397391486,2408,200
1589397392482,1506,200
1589397392590,1495,200
1589397392753,1426,200
1589397391581,2637,200
1589397392600,1646,200
1589397392860,1443,200
1589397391634,2716,200
1589397391707,2680,200
1589397392880,1526,200
1589397391800,2634,200
1589397392968,1528,200
1589397393186,1365,200
1589397392995,1557,200
1589397391840,2718,200
1589397393252,1374,200
1589397391983,2653,200
1589397391962,2829,200
1589397392071,2728,200
1589397393313,1517,200
1589397392368,2503,200
1589397392222,2662,200
1589397393355,1530,200
1589397393429,1560,200
1589397393592,1435,200
1589397393724,1324,200
1589397393814,1343,200
1589397392389,2770,200
1589397393849,1397,200
1589397393912,1367,200
1589397392508,2803,200
1589397393946,1393,200
1589397392594,2799,200
1589397394021,1372,200
1589397392654,2810,200
1589397392842,2804,200
1589397394264,1429,200
1589397392883,2855,200
1589397394419,1416,200
1589397394369,1530,200
1589397394439,1483,200
1589397393248,2677,200
1589397394495,1436,200
1589397392978,2991,200
1589397394796,1193,200
1589397393084,3032,200
1589397394622,1580,200
1589397394725,1556,200
1589397394820,1488,200
1589397394796,1512,200
1589397394702,1637,200
1589397393306,3086,200
1589397393418,3105,200
1589397393467,3130,200
1589397395133,1520,200
1589397393353,3303,200
1589397393764,2902,200
1589397395002,1671,200
1589397395195,1516,200
1589397395400,1348,200
1589397393678,3156,200
1589397395474,1377,200
1589397393918,2991,200
1589397393830,3082,200
1589397393861,3106,200
1589397395534,1445,200
1589397395644,1405,200
1589397395574,1501,200
1589397395709,1373,200
1589397395854,1236,200
1589397393983,3200,200
1589397394113,3214,200
1589397395935,1412,200
1589397396102,1299,200
1589397395997,1426,200
1589397396523,931,200
1589397394362,3121,200
1589397396154,1381,200
1589397396303,1290,200
1589397394409,3190,200
1589397394427,3227,200
1589397394447,3277,200
1589397396346,1435,200
1589397396900,905,200
1589397396642,1200,200
1589397396380,1497,200
1589397394633,3259,200
1589397396790,1121,200
1589397394598,3341,200
1589397394713,3240,200
1589397396983,1154,200
1589397394738,3418,200
1589397397057,1169,200
1589397397022,1206,200
1589397395022,3350,200
1589397397265,1109,200
1589397397295,1080,200
1589397394958,3421,200
1589397395135,3322,200
1589397397585,956,200
1589397397597,961,200
1589397397376,1195,200
1589397395284,3352,200
1589397397624,1018,200
1589397397670,978,200
1589397397797,946,200
1589397395431,3362,200
1589397395501,3355,200
1589397397944,955,200
1589397397928,974,200
1589397395548,3388,200
1589397397951,1039,200
1589397397938,1053,200
1589397398166,920,200
1589397398011,1082,200
1589397395582,3553,200
1589397395829,3458,200
1589397398273,1018,200
1589397398458,864,200
1589397395708,3636,200
1589397395892,3453,200
1589397398494,875,200
1589397398518,872,200
1589397395937,3564,200
1589397398643,894,200
1589397396040,3525,200
1589397398708,965,200
1589397398815,939,200
1589397398850,933,200
1589397398962,827,200
1589397396102,3758,200
1589397398928,940,200
1589397398867,1004,200
1589397396286,3606,200
1589397396315,3612,200
1589397399169,845,200
1589397399249,816,200
1589397399399,687,200
1589397396358,3787,200
1589397399458,797,200
1589397399572,703,200
1589397396645,3642,200
1589397396948,3355,200
1589397396799,3549,200
1589397399575,776,200
1589397399663,757,200
1589397396990,3539,200
1589397397028,3543,200
1589397399872,714,200
1589397399823,815,200
1589397399894,751,200
1589397400044,668,200
1589397399928,800,200
1589397397277,3511,200
1589397400190,606,200
1589397397299,3556,200
1589397397532,3365,200
1589397397212,3709,200
1589397400389,576,200
1589397400394,580,200
1589397400286,690,200
1589397400457,579,200
1589397397649,3450,200
1589397400753,440,200
1589397400645,579,200
1589397397821,3468,200
1589397400840,460,200
1589397397773,3553,200
1589397397933,3461,200
1589397400850,584,200
1589397400928,531,200
1589397400975,538,200
1589397397996,3544,200
1589397398112,3558,200
1589397401182,492,200
1589397401254,532,200
1589397398272,3517,200
1589397401227,563,200
1589397398281,3598,200
1589397398511,3384,200
1589397401368,535,200
1589397401515,433,200
1589397401431,527,200
1589397398476,3489,200
1589397398544,3482,200
1589397401623,560,200
1589397401727,478,200
1589397401784,537,200
1589397398697,3638,200
1589397398817,3585,200
1589397401897,525,200
1589397398746,3685,200
1589397401919,513,200
1589397401955,568,200
1589397402040,553,200
1589397398954,3643,200
1589397402259,367,200
1589397399115,3530,200
1589397402216,477,200
1589397402321,412,200
1589397402466,300,200
1589397399200,3637,200
1589397399300,3595,200
1589397399431,3496,200
1589397402700,277,200
1589397399470,3523,200
1589397402606,411,200
1589397402653,442,200
1589397402781,366,200
1589397402839,327,200
1589397399574,3605,200
1589397402908,342,200
1589397402960,316,200
1589397399665,3668,200
1589397403146,213,200
1589397399583,3816,200
1589397403306,117,200
1589397399842,3646,200
1589397403402,143,200
1589397403474,121,200
1589397400345,3286,200
1589397403492,196,200
1589397399925,3784,200
1589397399884,3851,200
1589397403575,180,200
1589397403720,118,200
1589397400270,3648,200
1589397403804,154,200
1589397400006,3955,200
1589397400062,3942,200
1589397403884,149,200
1589397403016,1058,200
1589397403933,157,200
1589397404017,121,200
1589397404098,155,200
1589397404193,137,200
1589397400392,3983,200
1589397400447,3938,200
1589397404261,154,200
1589397403490,979,200
1589397404384,111,200
1589397400485,4045,200
1589397404426,192,200
1589397400717,3963,200
1589397403764,917,200
1589397404497,199,200
1589397404543,209,200
1589397404639,133,200
1589397400766,4048,200
1589397400841,4040,200
1589397404779,130,200
1589397400865,4096,200
1589397404835,134,200
1589397400969,4042,200
1589397404981,125,200
1589397405000,120,200
1589397404391,790,200
1589397405123,116,200
1589397400999,4286,200
1589397405190,174,200
1589397401183,4260,200
1589397404477,974,200
1589397405276,194,200
1589397401241,4276,200
1589397405372,162,200
1589397405475,136,200
1589397401319,4316,200
1589397405576,115,200
1589397401505,4220,200
1589397401368,4396,200
1589397405638,163,200
1589397401693,4134,200
1589397401551,4283,200
1589397405696,199,200
1589397405758,226,200
1589397401762,4239,200
1589397405820,230,200
1589397401818,4258,200
1589397405952,146,200
1589397406060,110,200
1589397406185,95,200
1589397401952,4342,200
1589397406295,94,200
1589397401903,4493,200
1589397406006,431,200
1589397401955,4496,200
1589397406374,94,200
1589397406519,111,200
1589397402102,4546,200
1589397406542,113,200
1589397402500,4200,200
1589397402251,4471,200
1589397402282,4448,200
1589397406600,138,200
1589397402360,4464,200
1589397406743,98,200
1589397406823,128,200
1589397402630,4371,200
1589397406869,142,200
1589397402745,4300,200
1589397402690,4439,200
1589397407019,113,200
1589397402826,4356,200
1589397406972,214,200
1589397407077,169,200
1589397407299,71,200
1589397402893,4498,200
1589397407337,121,200
1589397402959,4517,200
1589397406779,749,200
1589397407435,120,200
1589397406836,780,200
1589397407525,106,200
1589397403376,4330,200
1589397407584,172,200
1589397403222,4595,200
1589397403550,4277,200
1589397407661,167,200
1589397407696,134,200
1589397403694,4297,200
1589397407885,112,200
1589397403447,4559,200
1589397403972,4063,200
1589397407941,115,200
1589397403823,4270,200
1589397408061,126,200
1589397408109,145,200
1589397403901,4361,200
1589397404062,4229,200
1589397408181,151,200
1589397404158,4222,200
1589397408295,137,200
1589397404297,4183,200
1589397404509,4007,200
1589397408464,118,200
1589397408536,130,200
1589397404245,4444,200
1589397408586,115,200
1589397408679,97,200
1589397408757,127,200
1589397404768,4120,200
1589397408814,118,200
1589397404791,4163,200
1589397405046,3949,200
1589397408889,146,200
1589397404603,4460,200
1589397404992,4128,200
1589397404936,4284,200
1589397409062,171,200
1589397405141,4110,200
1589397409061,221,200
1589397405250,4054,200
1589397409044,269,200
1589397409240,175,200
1589397405602,3826,200
1589397405536,3979,200
1589397409347,184,200
1589397409377,184,200
1589397405293,4330,200
1589397409517,140,200
1589397405452,4278,200
1589397409633,126,200
1589397409672,165,200
1589397409756,118,200
1589397409893,72,200
1589397405704,4310,200
1589397409958,110,200
1589397405690,4392,200
1589397406186,3908,200
1589397406369,3771,200
1589397410035,114,200
1589397405814,4407,200
1589397410117,117,200
1589397406134,4149,200
1589397406480,3849,200
1589397410230,106,200
1589397405881,4464,200
1589397410289,168,200
1589397406509,3951,200
1589397410367,107,200
1589397410463,140,200
1589397410520,101,200
1589397406553,4134,200
1589397410643,99,200
1589397410725,133,200
1589397407082,3792,200
1589397410795,125,200
1589397406606,4369,200
1589397406968,4024,200
1589397410164,909,200
1589397406982,4121,200
1589397410987,131,200
1589397406532,4594,200
1589397407065,4106,200
1589397410291,928,200
1589397411064,158,200
1589397411050,194,200
1589397407304,3977,200
1589397411201,158,200
1589397411293,131,200
1589397411324,244,200
1589397411393,213,200
1589397411434,180,200
1589397407376,4296,200
1589397411621,104,200
1589397407508,4261,200
1589397411681,106,200
1589397407620,4249,200
1589397407567,4320,200
1589397408060,3851,200
1589397411852,96,200
1589397407693,4271,200
1589397407799,4184,200
1589397411951,84,200
1589397407898,4168,200
1589397411183,951,200
1589397412049,92,200
1589397408063,4136,200
1589397412066,232,200
1589397412138,166,200
1589397412224,211,200
1589397408168,4306,200
1589397412318,162,200
1589397412347,190,200
1589397412502,116,200
1589397408282,4381,200
1589397408333,4373,200
1589397412672,113,200
1589397411870,955,200
1589397408503,4332,200
1589397412752,107,200
1589397408781,4095,200
1589397408584,4327,200
1589397408817,4116,200
1589397412838,118,200
1589397408648,4359,200
1589397412903,163,200
1589397408709,4368,200
1589397412957,197,200
1589397413057,175,200
1589397413100,172,200
1589397413188,185,200
1589397413281,124,200
1589397408935,4536,200
1589397409047,4474,200
1589397413476,99,200
1589397409061,4529,200
1589397409302,4304,200
1589397413510,157,200
1589397413585,133,200
1589397409188,4539,200
1589397409482,4285,200
1589397413749,96,200
1589397409349,4513,200
1589397412915,972,200
1589397413809,148,200
1589397409643,4337,200
1589397409595,4433,200
1589397413873,187,200
1589397413934,197,200
1589397413969,235,200
1589397414069,267,200
1589397414135,228,200
1589397414178,189,200
1589397409722,4714,200
1589397414390,79,200
1589397409961,4516,200
1589397409828,4657,200
1589397409953,4540,200
1589397414497,91,200
1589397414515,126,200
1589397410107,4661,200
1589397414707,81,200
1589397410244,4555,200
1589397414723,77,200
1589397413892,951,200
1589397414031,869,200
1589397414806,107,200
1589397410436,4559,200
1589397413871,1129,200
1589397414965,101,200
1589397411058,4054,200
1589397414981,148,200
1589397415112,102,200
1589397411303,4007,200
1589397415284,82,200
1589397415394,70,200
1589397410514,4999,200
1589397415460,92,200
1589397410747,4817,200
1589397410650,4916,200
1589397410588,5027,200
1589397415565,125,200
1589397415554,239,200
1589397415639,234,200
1589397415770,115,200
1589397411634,4253,200
1589397411358,4551,200
1589397411551,4386,200
1589397414769,1174,200
1589397410913,5058,200
1589397415890,118,200
1589397415845,179,200
1589397411026,5030,200
1589397414997,1069,200
1589397411239,4877,200
1589397416035,145,200
1589397415994,242,200
1589397416128,213,200
1589397416266,114,200
1589397411407,5076,200
1589397411830,4662,200
1589397416447,92,200
1589397412037,4590,200
1589397416574,91,200
1589397412179,4534,200
1589397416615,131,200
1589397412075,4687,200
1589397412061,4731,200
1589397412252,4547,200
1589397416697,129,200
1589397412344,4545,200
1589397412422,4480,200
1589397416811,93,200
1589397412747,4193,200
1589397412588,4431,200
1589397416884,158,200
1589397416918,209,200
1589397416955,180,200
1589397417134,162,200
1589397417052,258,200
1589397412860,4470,200
1589397417199,181,200
1589397412756,4649,200
1589397413478,3936,200
1589397417268,178,200
1589397417431,90,200
1589397416634,957,200
1589397413946,3679,200
1589397417581,97,200
1589397412963,4741,200
1589397413068,4747,200
1589397417683,164,200
1589397417690,191,200
1589397413152,4751,200
1589397413344,4581,200
1589397413195,4743,200
1589397417774,202,200
1589397413572,4481,200
1589397417916,146,200
1589397417865,243,200
1589397417999,197,200
1589397418055,191,200
1589397418204,144,200
1589397414381,3980,200
1589397413771,4622,200
1589397413600,4804,200
1589397418278,162,200
1589397414136,4327,200
1589397414088,4425,200
1589397418347,175,200
1589397418400,158,200
1589397414716,3887,200
1589397418545,126,200
1589397418593,123,200
1589397414497,4219,200
1589397414474,4308,200
1589397414535,4257,200
1589397418767,131,200
1589397418819,128,200
1589397414875,4108,200
1589397415476,3523,200
1589397418889,135,200
1589397419027,107,200
1589397419040,101,200
1589397415558,3603,200
1589397419151,131,200
1589397418409,885,200
1589397414977,4331,200
1589397415136,4181,200
1589397415290,4039,200
1589397419217,116,200
1589397415460,3882,200
1589397419415,185,200
1589397418792,815,200
1589397419431,206,200
1589397419534,158,200
1589397419484,244,200
1589397415797,3944,200
1589397415603,4141,200
1589397419631,211,200
1589397419711,151,200
1589397415866,3998,200
1589397415704,4224,200
1589397415902,4036,200
1589397419809,179,200
1589397419875,176,200
1589397416220,3903,200
1589397419961,166,200
1589397416033,4101,200
1589397420076,168,200
1589397416447,3852,200
1589397416473,3867,200
1589397416113,4254,200
1589397420170,206,200
1589397420203,291,200
1589397420279,220,200
1589397420359,229,200
1589397416777,3820,200
1589397416597,4015,200
1589397420395,223,200
1589397420662,102,200
1589397416938,3849,200
1589397416878,3934,200
1589397420634,187,200
1589397417253,3609,200
1589397416911,3973,200
1589397420692,196,200
1589397416957,3969,200
1589397417100,3842,200
1589397420827,146,200
1589397420914,133,200
1589397420970,177,200
1589397421044,125,200
1589397417503,3689,200
1589397420331,880,200
1589397417170,4096,200
1589397421110,182,200
1589397421169,151,200
1589397421363,96,200
1589397421436,102,200
1589397417307,4334,200
1589397417621,4023,200
1589397421528,135,200
1589397421549,116,200
1589397417686,3994,200
1589397420930,750,200
1589397417715,3967,200
1589397417902,3804,200
1589397421688,101,200
1589397417793,4008,200
1589397418010,3868,200
1589397418113,3968,200
1589397421842,241,200
1589397421915,184,200
1589397421868,256,200
1589397417941,4205,200
1589397418875,3289,200
1589397421946,233,200
1589397418589,3623,200
1589397422035,309,200
1589397422103,337,200
1589397422178,298,200
1589397422230,274,200
1589397418276,4286,200
1589397418314,4253,200
1589397422374,238,200
1589397418350,4315,200
1589397418665,4016,200
1589397422525,175,200
1589397419039,3699,200
1589397418935,3910,200
1589397419153,3960,200
1589397419043,4076,200
1589397419429,3722,200
1589397422717,435,200
1589397422640,514,200
1589397422711,491,200
1589397419395,3828,200
1589397422731,546,200
1589397422797,495,200
1589397423032,392,200
1589397419477,3996,200
1589397423112,456,200
1589397423160,420,200
1589397423174,422,200
1589397419486,4118,200
1589397419535,4088,200
1589397422744,909,200
1589397419644,4038,200
1589397423364,360,200
1589397422708,1060,200
1589397423393,382,200
1589397423507,321,200
1589397423554,293,200
1589397423680,240,200
1589397423118,830,200
1589397423794,163,200
1589397419737,4251,200
1589397419811,4191,200
1589397419918,4146,200
1589397424055,98,200
1589397424127,155,200
1589397424191,174,200
1589397420044,4359,200
1589397420097,4338,200
1589397424218,217,200
1589397424302,171,200
1589397420230,4252,200
1589397424415,134,200
1589397420369,4203,200
1589397423608,999,200
1589397424591,91,200
1589397420521,4175,200
1589397420189,4570,200
1589397420738,4072,200
1589397424653,218,200
1589397424694,190,200
1589397424704,248,200
1589397424828,175,200
1589397420641,4363,200
1589397420690,4354,200
1589397420888,4191,200
1589397420988,4146,200
1589397424887,276,200
1589397424907,299,200
1589397425020,251,200
1589397425079,210,200
1589397425226,133,200
1589397424496,970,200
1589397421528,3970,200
1589397421124,4385,200
1589397424696,850,200
1589397421080,4483,200
1589397425433,210,200
1589397421345,4304,200
1589397425457,204,200
1589397421376,4343,200
1589397425514,225,200
1589397425601,245,200
1589397425611,255,200
1589397425003,949,200
1589397421520,4454,200
1589397425770,208,200
1589397425835,149,200
1589397421592,4496,200
1589397425962,241,200
1589397426001,218,200
1589397426071,222,200
1589397421696,4614,200
1589397426115,200,200
1589397425570,852,200
1589397426326,126,200
1589397421859,4658,200
1589397421945,4588,200
1589397421876,4713,200
1589397426411,189,200
1589397425501,1110,200
1589397425721,947,200
1589397426432,238,200
1589397426468,240,200
1589397422056,4740,200
1589397426609,206,200
1589397426718,164,200
1589397426755,143,200
1589397421999,4902,200
1589397422152,4816,200
1589397426928,121,200
1589397426950,171,200
1589397422224,4950,200
1589397427031,171,200
1589397427135,123,200
1589397422414,4900,200
1589397422373,4997,200
1589397427269,103,200
1589397426425,960,200
1589397422712,4709,200
1589397427315,130,200
1589397422624,4872,200
1589397427433,128,200
1589397422798,4781,200
1589397422729,4863,200
1589397427518,143,200
1589397427595,121,200
1589397423104,4678,200
1589397427725,102,200
1589397427675,189,200
1589397427811,118,200
1589397423164,4828,200
1589397427912,95,200
1589397423189,4829,200
1589397427967,116,200
1589397423392,4794,200
1589397423918,4303,200
1589397423507,4730,200
1589397428122,118,200
1589397423517,4761,200
1589397428244,107,200
1589397424081,4323,200
1589397423711,4695,200
1589397427511,928,200
1589397428309,136,200
1589397428370,177,200
1589397424149,4436,200
1589397428400,218,200
1589397428481,203,200
1589397428010,715,200
1589397428553,195,200
1589397424204,4552,200
1589397428650,134,200
1589397428830,76,200
1589397424402,4531,200
1589397424236,4734,200
1589397428914,71,200
1589397424672,4402,200
1589397428991,94,200
1589397424632,4459,200
1589397424706,4411,200
1589397429103,116,200
1589397424892,4347,200
1589397429139,128,200
1589397424881,4448,200
1589397429253,132,200
1589397425054,4390,200
1589397429321,163,200
1589397429319,192,200
1589397425108,4455,200
1589397425379,4196,200
1589397425603,4005,200
1589397429469,177,200
1589397429526,178,200
1589397425821,3907,200
1589397425434,4328,200
1589397429664,171,200
1589397429660,215,200
1589397425922,3970,200
1589397429726,194,200
1589397425998,3930,200
1589397429118,884,200
1589397429932,153,200
1589397429912,211,200
1589397429987,213,200
1589397430047,171,200
1589397430177,124,200
1589397426009,4319,200
1589397426346,3986,200
1589397429452,920,200
1589397430257,133,200
1589397426078,4318,200
1589397426141,4264,200
1589397426466,3953,200
1589397430413,89,200
1589397426603,3985,200
1589397430529,138,200
1589397430556,167,200
1589397426839,3886,200
1589397426729,4022,200
1589397426662,4176,200
1589397430597,248,200
1589397430719,184,200
1589397430665,247,200
1589397430869,126,200
1589397430927,153,200
1589397431015,105,200
1589397426943,4177,200
1589397426997,4180,200
1589397427048,4149,200
1589397427274,3930,200
1589397427247,3975,200
1589397431149,144,200
1589397431207,125,200
1589397430432,913,200
1589397427410,3957,200
1589397427635,3791,200
1589397431290,149,200
1589397431347,141,200
1589397427707,3902,200
1589397431479,143,200
1589397427562,4070,200
1589397431451,215,200
1589397431626,165,200
1589397431634,165,200
1589397427773,4077,200
1589397428262,3628,200
1589397431746,145,200
1589397431806,151,200
1589397428172,3810,200
1589397427834,4155,200
1589397431919,122,200
1589397428418,3702,200
1589397427915,4223,200
1589397432070,109,200
1589397428342,3880,200
1589397428392,3923,200
1589397432121,211,200
1589397432217,271,200
1589397428607,3902,200
1589397428539,3989,200
1589397432266,274,200
1589397432362,217,200
1589397428650,3947,200
1589397432301,334,200
1589397432396,290,200
1589397428977,3747,200
1589397429059,3731,200
1589397432563,239,200
1589397428848,3991,200
1589397432640,245,200
1589397432724,200,200
1589397429154,3832,200
1589397429319,3731,200
1589397432891,197,200
1589397432320,770,200
1589397429265,3846,200
1589397432874,253,200
1589397432884,251,200
1589397429488,3738,200
1589397433027,224,200
1589397433098,174,200
1589397429655,3656,200
1589397433251,103,200
1589397429660,3727,200
1589397433332,88,200
1589397429676,3829,200
1589397429784,3725,200
1589397429914,3673,200
1589397433574,129,200
1589397430116,3592,200
1589397433524,199,200
1589397433549,222,200
1589397429978,3828,200
1589397433667,166,200
1589397430202,3715,200
1589397433837,91,200
1589397430000,3973,200
1589397430654,3381,200
1589397433932,127,200
1589397433966,165,200
1589397430796,3361,200
1589397430365,3808,200
1589397430539,3690,200
1589397434082,196,200
1589397430579,3726,200
1589397430927,3458,200
1589397434011,415,200
1589397434047,397,200
1589397430717,3748,200
1589397430963,3524,200
1589397434184,371,200
1589397434347,286,200
1589397434361,285,200
1589397434393,278,200
1589397434605,144,200
1589397431166,3636,200
1589397431285,3523,200
1589397431108,3795,200
1589397431454,3468,200
1589397434755,185,200
1589397431407,3559,200
1589397434749,228,200
1589397431573,3426,200
1589397431626,3436,200
1589397434815,261,200
1589397431343,3758,200
1589397431740,3405,200
1589397434991,182,200
1589397434911,362,200
